Workbook

Sheet Guide
A1: Parcel-rate and quotation workbook
A3: Purpose | B3: Reusable retail quote calculator for the services and supported parcel conditions in review_brief.md.
A5: Source | B5: USPS Notice 123, effective July 12, 2026, supplied as USPS_Notice123_20260712_pages1_5_7.pdf.
A7: Included rates | B7: Priority Mail Retail: 1–10 lb bands, zones 1–8 (Notice 123 page 5). USPS Ground Advantage Retail: 4 oz, 8 oz, 12 oz, 15.999 oz, and 1–10 lb bands, zones 1–8 (page 7).
A9: How to use | B9: Edit the yellow input cells on Requests (weight, unit, or zone). Service prices, selected service, and totals recalculate from Rate Sheet. The lower price is selected; ties select USPS Ground Advantage.
A11: Scope checks | B11: Requests are flagged OUTSIDE SUPPORTED CONDITIONS when weight is not positive, exceeds 10 lb, unit is not oz/lb, or zone is not an integer 1–8. The supplied parcel assumptions (ordinary rectangular carton, length ≤20 in, volume ≤1,000 in³, length + girth ≤90 in, no extra services or special handling) are treated as fixed inputs per the brief.
A13: Workbook tabs | B13: Requests = editable quote calculator; Rate Sheet = extracted rates and lookup thresholds; Source Extract = source/page notes and transcription controls.

Sheet Rate Sheet
A1: Rate Sheet — Notice 123 retail rates
A2: Source: USPS_Notice123_20260712_pages1_5_7.pdf | Effective July 12, 2026 | Scope: zones 1–8 only
A4: Priority Mail Retail — Weight Not Over (lb)
A5: Band (lb) | B5: Zone 1 | C5: Zone 2 | D5: Zone 3 | E5: Zone 4 | F5: Zone 5 | G5: Zone 6 | H5: Zone 7 | I5: Zone 8
A6: 1 | B6: 11 | C6: 11.5 | D6: 11.65 | E6: 11.9 | F6: 13.05 | G6: 14.5 | H6: 15.6 | I6: 16.95
A7: 2 | B7: 11.95 | C7: 12.65 | D7: 13.45 | E7: 14.35 | F7: 16.85 | G7: 18.15 | H7: 19.45 | I7: 21.55
A8: 3 | B8: 12.45 | C8: 13.3 | D8: 14 | E8: 15.15 | F8: 18.05 | G8: 20.95 | H8: 23.85 | I8: 27.1
A9: 4 | B9: 13.45 | C9: 14.05 | D9: 15.05 | E9: 16.35 | F9: 20.75 | G9: 25.35 | H9: 28.4 | I9: 31.85
A10: 5 | B10: 14.3 | C10: 14.95 | D10: 16.05 | E10: 17.5 | F10: 22.1 | G10: 27 | H10: 32.7 | I10: 36.9
A11: 6 | B11: 14.9 | C11: 15.35 | D11: 16.45 | E11: 18.2 | F11: 23.25 | G11: 29.65 | H11: 37 | I11: 41.85
A12: 7 | B12: 15.55 | C12: 16.05 | D12: 17.1 | E12: 19.05 | F12: 25.1 | G12: 32.3 | H12: 41.15 | I12: 46.75
A13: 8 | B13: 16.25 | C13: 16.5 | D13: 17.6 | E13: 19.7 | F13: 26.4 | G13: 35.1 | H13: 45.35 | I13: 51.7
A14: 9 | B14: 16.85 | C14: 17.15 | D14: 18.1 | E14: 20.85 | F14: 27.45 | G14: 37.7 | H14: 49.45 | I14: 56.45
A15: 10 | B15: 17.8 | C15: 18.25 | D15: 19.2 | E15: 21.75 | F15: 28.65 | G15: 40.6 | H15: 53.55 | I15: 61.3
A18: USPS Ground Advantage Retail — Weight Not Over
A19: Band | B19: Upper threshold (lb) | C19: Zone 1 | D19: Zone 2 | E19: Zone 3 | F19: Zone 4 | G19: Zone 5 | H19: Zone 6 | I19: Zone 7 | J19: Zone 8
A20: 4 oz | B20: 0.25 | C20: 7.9 | D20: 8.05 | E20: 8.15 | F20: 8.3 | G20: 8.6 | H20: 8.75 | I20: 8.95 | J20: 9.45
A21: 8 oz | B21: 0.5 | C21: 7.9 | D21: 8.05 | E21: 8.15 | F21: 8.3 | G21: 8.6 | H21: 8.75 | I21: 8.95 | J21: 9.45
A22: 12 oz | B22: 0.75 | C22: 9.55 | D22: 9.95 | E22: 10.2 | F22: 10.6 | G22: 10.95 | H22: 11.35 | I22: 11.95 | J22: 12.9
A23: 15.999 oz | B23: 0.9999375 | C23: 9.55 | D23: 9.95 | E23: 10.2 | F23: 10.6 | G23: 10.95 | H23: 11.35 | I23: 11.95 | J23: 12.9
A24: 1 lb | B24: 1 | C24: 9.55 | D24: 9.95 | E24: 10.2 | F24: 10.6 | G24: 10.95 | H24: 11.35 | I24: 11.95 | J24: 12.9
A25: 2 lb | B25: 2 | C25: 10.8 | D25: 11.5 | E25: 12.2 | F25: 13 | G25: 14.1 | H25: 15.1 | I25: 16.45 | J25: 19.05
A26: 3 lb | B26: 3 | C26: 11.3 | D26: 12 | E26: 12.65 | F26: 13.7 | G26: 14.95 | H26: 16.45 | I26: 18.95 | J26: 22.4
A27: 4 lb | B27: 4 | C27: 12.25 | D27: 12.75 | E27: 13.65 | F27: 14.85 | G27: 16.4 | H27: 18.3 | I27: 20.9 | J27: 24.25
A28: 5 lb | B28: 5 | C28: 12.95 | D28: 13.55 | E28: 14.55 | F28: 15.8 | G28: 17.45 | H28: 19.6 | I28: 22.4 | J28: 26.05
A29: 6 lb | B29: 6 | C29: 13.5 | D29: 13.9 | E29: 14.85 | F29: 16.35 | G29: 18.4 | H29: 21.05 | I29: 24.35 | J29: 28.35
A30: 7 lb | B30: 7 | C30: 14 | D30: 14.4 | E30: 15.4 | F30: 17.1 | G30: 19.45 | H30: 22.55 | I30: 26.25 | J30: 30.6
A31: 8 lb | B31: 8 | C31: 14.6 | D31: 14.85 | E31: 15.8 | F31: 17.65 | G31: 20.4 | H31: 24.1 | I31: 28.45 | J31: 33.15
... A33: 10 lb | B33: 10 | C33: 15.95 | D33: 16.3 | E33: 17.25 | F33: 19.4 | G33: 22.85 | H33: 27.5 | I33: 33.3 | J33: 39.45
A35: Lookup note: | B35: Ground Advantage uses the first upper threshold at or above normalized weight. The 15.999 oz threshold is stored as 0.9999375 lb, immediately below the 1 lb band.
A37: Source controls: | B37: Priority values transcribed from Notice 123 page 5, columns zones 1–8. Ground Advantage values transcribed from page 7, columns zones 1–8. Source zone 9 columns are intentionally excluded because the brief limits this workbook to zones 1–8.

Sheet Requests
A1: Quotation Requests — editable calculator
A2: Batch total (selected prices) | B2: =SUM(K6:K17) -> 164.55 | D2: Priority total | E2: =SUM(H6:H17) -> 219.9 | G2: Ground Advantage total | H2: =SUM(J6:J17) -> 164.55
A3: Yellow cells are editable inputs. Prices are retail, before any extras (none are modeled in this scope).
A5: Request ID | B5: Weight | C5: Unit | D5: Zone | E5: Origin | F5: Weight (lb) | G5: Priority band (lb) | H5: Priority Mail | I5: Ground band | J5: USPS Ground Advantage | K5: Selected price | L5: Status | M5: Selected service
A6: Q01 | B6: 4 | C6: oz | D6: 1 | E6: project_authored_test_request | F6: =IF(OR(B6="",C6=""),"",IF(C6="oz",B6/16,IF(C6="lb",B6,""))) -> 0.25 | G6: =IF(OR(L6<>"OK",F6=""),"",ROUNDUP(F6,0)) -> 1 | H6: =IF(OR(G6="",D6=""),"",IFERROR(INDEX('Rate Sheet'!$B$6:$I$15,MATCH(G6,'Rate Sheet'!$A$6:$A$15,0),MATCH("Zone "&D6,'Rate Sheet'!$B$5:$I$5,0)),"")) -> 11 | I6: =IF(OR(L6<>"OK",F6=""),"",IFERROR(INDEX('Rate Sheet'!$A$20:$A$33,IF(F6<='Rate Sheet'!$B$20,1,MATCH(F6,'Rate Sheet'!$B$20:$B$33,1)+IF(F6=INDEX('Rate Sheet'!$B$20:$B$33,MATCH(F6,'Rate Sheet'!$B$20:$B$33,1),1),0,1))),"")) -> 4 oz | J6: =IF(OR(I6="",D6=""),"",IFERROR(INDEX('Rate Sheet'!$C$20:$J$33,IF(F6<='Rate Sheet'!$B$20,1,MATCH(F6,'Rate Sheet'!$B$20:$B$33,1)+IF(F6=INDEX('Rate Sheet'!$B$20:$B$33,MATCH(F6,'Rate Sheet'!$B$20:$B$33,1),1),0,1)),MATCH("Zone "&D6,'Rate Sheet'!$C$19:$J$19,0)),"")) -> 7.9 | K6: =IF(OR(L6<>"OK",COUNT(H6,J6)<2),"",MIN(H6,J6)) -> 7.9 | L6: =IF(AND(ISNUMBER(B6),B6>0,OR(C6="oz",C6="lb"),ISNUMBER(D6),D6=INT(D6),D6>=1,D6<=8,ISNUMBER(F6),F6<=10),"OK","OUTSIDE SUPPORTED CONDITIONS") -> OK | M6: =IF(OR(L6<>"OK",COUNT(H6,J6)<2),"",IF(H6<J6,"Priority Mail","USPS Ground Advantage")) -> USPS Ground Advantage
A7: Q02 | B7: 4.1 | C7: oz | D7: 2 | E7: project_authored_test_request | F7: =IF(OR(B7="",C7=""),"",IF(C7="oz",B7/16,IF(C7="lb",B7,""))) -> 0.25625 | G7: =IF(OR(L7<>"OK",F7=""),"",ROUNDUP(F7,0)) -> 1 | H7: =IF(OR(G7="",D7=""),"",IFERROR(INDEX('Rate Sheet'!$B$6:$I$15,MATCH(G7,'Rate Sheet'!$A$6:$A$15,0),MATCH("Zone "&D7,'Rate Sheet'!$B$5:$I$5,0)),"")) -> 11.5 | I7: =IF(OR(L7<>"OK",F7=""),"",IFERROR(INDEX('Rate Sheet'!$A$20:$A$33,IF(F7<='Rate Sheet'!$B$20,1,MATCH(F7,'Rate Sheet'!$B$20:$B$33,1)+IF(F7=INDEX('Rate Sheet'!$B$20:$B$33,MATCH(F7,'Rate Sheet'!$B$20:$B$33,1),1),0,1))),"")) -> 8 oz | J7: =IF(OR(I7="",D7=""),"",IFERROR(INDEX('Rate Sheet'!$C$20:$J$33,IF(F7<='Rate Sheet'!$B$20,1,MATCH(F7,'Rate Sheet'!$B$20:$B$33,1)+IF(F7=INDEX('Rate Sheet'!$B$20:$B$33,MATCH(F7,'Rate Sheet'!$B$20:$B$33,1),1),0,1)),MATCH("Zone "&D7,'Rate Sheet'!$C$19:$J$19,0)),"")) -> 8.05 | K7: =IF(OR(L7<>"OK",COUNT(H7,J7)<2),"",MIN(H7,J7)) -> 8.05 | L7: =IF(AND(ISNUMBER(B7),B7>0,OR(C7="oz",C7="lb"),ISNUMBER(D7),D7=INT(D7),D7>=1,D7<=8,ISNUMBER(F7),F7<=10),"OK","OUTSIDE SUPPORTED CONDITIONS") -> OK | M7: =IF(OR(L7<>"OK",COUNT(H7,J7)<2),"",IF(H7<J7,"Priority Mail","USPS Ground Advantage")) -> USPS Ground Advantage
A8: Q03 | B8: 8 | C8: oz | D8: 8 | E8: project_authored_test_request | F8: =IF(OR(B8="",C8=""),"",IF(C8="oz",B8/16,IF(C8="lb",B8,""))) -> 0.5 | G8: =IF(OR(L8<>"OK",F8=""),"",ROUNDUP(F8,0)) -> 1 | H8: =IF(OR(G8="",D8=""),"",IFERROR(INDEX('Rate Sheet'!$B$6:$I$15,MATCH(G8,'Rate Sheet'!$A$6:$A$15,0),MATCH("Zone "&D8,'Rate Sheet'!$B$5:$I$5,0)),"")) -> 16.95 | I8: =IF(OR(L8<>"OK",F8=""),"",IFERROR(INDEX('Rate Sheet'!$A$20:$A$33,IF(F8<='Rate Sheet'!$B$20,1,MATCH(F8,'Rate Sheet'!$B$20:$B$33,1)+IF(F8=INDEX('Rate Sheet'!$B$20:$B$33,MATCH(F8,'Rate Sheet'!$B$20:$B$33,1),1),0,1))),"")) -> 8 oz | J8: =IF(OR(I8="",D8=""),"",IFERROR(INDEX('Rate Sheet'!$C$20:$J$33,IF(F8<='Rate Sheet'!$B$20,1,MATCH(F8,'Rate Sheet'!$B$20:$B$33,1)+IF(F8=INDEX('Rate Sheet'!$B$20:$B$33,MATCH(F8,'Rate Sheet'!$B$20:$B$33,1),1),0,1)),MATCH("Zone "&D8,'Rate Sheet'!$C$19:$J$19,0)),"")) -> 9.45 | K8: =IF(OR(L8<>"OK",COUNT(H8,J8)<2),"",MIN(H8,J8)) -> 9.45 | L8: =IF(AND(ISNUMBER(B8),B8>0,OR(C8="oz",C8="lb"),ISNUMBER(D8),D8=INT(D8),D8>=1,D8<=8,ISNUMBER(F8),F8<=10),"OK","OUTSIDE SUPPORTED CONDITIONS") -> OK | M8: =IF(OR(L8<>"OK",COUNT(H8,J8)<2),"",IF(H8<J8,"Priority Mail","USPS Ground Advantage")) -> USPS Ground Advantage
A9: Q04 | B9: 8.1 | C9: oz | D9: 8 | E9: project_authored_test_request | F9: =IF(OR(B9="",C9=""),"",IF(C9="oz",B9/16,IF(C9="lb",B9,""))) -> 0.50625 | G9: =IF(OR(L9<>"OK",F9=""),"",ROUNDUP(F9,0)) -> 1 | H9: =IF(OR(G9="",D9=""),"",IFERROR(INDEX('Rate Sheet'!$B$6:$I$15,MATCH(G9,'Rate Sheet'!$A$6:$A$15,0),MATCH("Zone "&D9,'Rate Sheet'!$B$5:$I$5,0)),"")) -> 16.95 | I9: =IF(OR(L9<>"OK",F9=""),"",IFERROR(INDEX('Rate Sheet'!$A$20:$A$33,IF(F9<='Rate Sheet'!$B$20,1,MATCH(F9,'Rate Sheet'!$B$20:$B$33,1)+IF(F9=INDEX('Rate Sheet'!$B$20:$B$33,MATCH(F9,'Rate Sheet'!$B$20:$B$33,1),1),0,1))),"")) -> 12 oz | J9: =IF(OR(I9="",D9=""),"",IFERROR(INDEX('Rate Sheet'!$C$20:$J$33,IF(F9<='Rate Sheet'!$B$20,1,MATCH(F9,'Rate Sheet'!$B$20:$B$33,1)+IF(F9=INDEX('Rate Sheet'!$B$20:$B$33,MATCH(F9,'Rate Sheet'!$B$20:$B$33,1),1),0,1)),MATCH("Zone "&D9,'Rate Sheet'!$C$19:$J$19,0)),"")) -> 12.9 | K9: =IF(OR(L9<>"OK",COUNT(H9,J9)<2),"",MIN(H9,J9)) -> 12.9 | L9: =IF(AND(ISNUMBER(B9),B9>0,OR(C9="oz",C9="lb"),ISNUMBER(D9),D9=INT(D9),D9>=1,D9<=8,ISNUMBER(F9),F9<=10),"OK","OUTSIDE SUPPORTED CONDITIONS") -> OK | M9: =IF(OR(L9<>"OK",COUNT(H9,J9)<2),"",IF(H9<J9,"Priority Mail","USPS Ground Advantage")) -> USPS Ground Advantage
A10: Q05 | B10: 12 | C10: oz | D10: 4 | E10: project_authored_test_request | F10: =IF(OR(B10="",C10=""),"",IF(C10="oz",B10/16,IF(C10="lb",B10,""))) -> 0.75 | G10: =IF(OR(L10<>"OK",F10=""),"",ROUNDUP(F10,0)) -> 1 | H10: =IF(OR(G10="",D10=""),"",IFERROR(INDEX('Rate Sheet'!$B$6:$I$15,MATCH(G10,'Rate Sheet'!$A$6:$A$15,0),MATCH("Zone "&D10,'Rate Sheet'!$B$5:$I$5,0)),"")) -> 11.9 | I10: =IF(OR(L10<>"OK",F10=""),"",IFERROR(INDEX('Rate Sheet'!$A$20:$A$33,IF(F10<='Rate Sheet'!$B$20,1,MATCH(F10,'Rate Sheet'!$B$20:$B$33,1)+IF(F10=INDEX('Rate Sheet'!$B$20:$B$33,MATCH(F10,'Rate Sheet'!$B$20:$B$33,1),1),0,1))),"")) -> 12 oz | J10: =IF(OR(I10="",D10=""),"",IFERROR(INDEX('Rate Sheet'!$C$20:$J$33,IF(F10<='Rate Sheet'!$B$20,1,MATCH(F10,'Rate Sheet'!$B$20:$B$33,1)+IF(F10=INDEX('Rate Sheet'!$B$20:$B$33,MATCH(F10,'Rate Sheet'!$B$20:$B$33,1),1),0,1)),MATCH("Zone "&D10,'Rate Sheet'!$C$19:$J$19,0)),"")) -> 10.6 | K10: =IF(OR(L10<>"OK",COUNT(H10,J10)<2),"",MIN(H10,J10)) -> 10.6 | L10: =IF(AND(ISNUMBER(B10),B10>0,OR(C10="oz",C10="lb"),ISNUMBER(D10),D10=INT(D10),D10>=1,D10<=8,ISNUMBER(F10),F10<=10),"OK","OUTSIDE SUPPORTED CONDITIONS") -> OK | M10: =IF(OR(L10<>"OK",COUNT(H10,J10)<2),"",IF(H10<J10,"Priority Mail","USPS Ground Advantage")) -> USPS Ground Advantage
A11: Q06 | B11: 12.1 | C11: oz | D11: 5 | E11: project_authored_test_request | F11: =IF(OR(B11="",C11=""),"",IF(C11="oz",B11/16,IF(C11="lb",B11,""))) -> 0.75625 | G11: =IF(OR(L11<>"OK",F11=""),"",ROUNDUP(F11,0)) -> 1 | H11: =IF(OR(G11="",D11=""),"",IFERROR(INDEX('Rate Sheet'!$B$6:$I$15,MATCH(G11,'Rate Sheet'!$A$6:$A$15,0),MATCH("Zone "&D11,'Rate Sheet'!$B$5:$I$5,0)),"")) -> 13.05 | I11: =IF(OR(L11<>"OK",F11=""),"",IFERROR(INDEX('Rate Sheet'!$A$20:$A$33,IF(F11<='Rate Sheet'!$B$20,1,MATCH(F11,'Rate Sheet'!$B$20:$B$33,1)+IF(F11=INDEX('Rate Sheet'!$B$20:$B$33,MATCH(F11,'Rate Sheet'!$B$20:$B$33,1),1),0,1))),"")) -> 15.999 oz | J11: =IF(OR(I11="",D11=""),"",IFERROR(INDEX('Rate Sheet'!$C$20:$J$33,IF(F11<='Rate Sheet'!$B$20,1,MATCH(F11,'Rate Sheet'!$B$20:$B$33,1)+IF(F11=INDEX('Rate Sheet'!$B$20:$B$33,MATCH(F11,'Rate Sheet'!$B$20:$B$33,1),1),0,1)),MATCH("Zone "&D11,'Rate Sheet'!$C$19:$J$19,0)),"")) -> 10.95 | K11: =IF(OR(L11<>"OK",COUNT(H11,J11)<2),"",MIN(H11,J11)) -> 10.95 | L11: =IF(AND(ISNUMBER(B11),B11>0,OR(C11="oz",C11="lb"),ISNUMBER(D11),D11=INT(D11),D11>=1,D11<=8,ISNUMBER(F11),F11<=10),"OK","OUTSIDE SUPPORTED CONDITIONS") -> OK | M11: =IF(OR(L11<>"OK",COUNT(H11,J11)<2),"",IF(H11<J11,"Priority Mail","USPS Ground Advantage")) -> USPS Ground Advantage
A12: Q07 | B12: 15.999 | C12: oz | D12: 6 | E12: project_authored_test_request | F12: =IF(OR(B12="",C12=""),"",IF(C12="oz",B12/16,IF(C12="lb",B12,""))) -> 0.9999375 | G12: =IF(OR(L12<>"OK",F12=""),"",ROUNDUP(F12,0)) -> 1 | H12: =IF(OR(G12="",D12=""),"",IFERROR(INDEX('Rate Sheet'!$B$6:$I$15,MATCH(G12,'Rate Sheet'!$A$6:$A$15,0),MATCH("Zone "&D12,'Rate Sheet'!$B$5:$I$5,0)),"")) -> 14.5 | I12: =IF(OR(L12<>"OK",F12=""),"",IFERROR(INDEX('Rate Sheet'!$A$20:$A$33,IF(F12<='Rate Sheet'!$B$20,1,MATCH(F12,'Rate Sheet'!$B$20:$B$33,1)+IF(F12=INDEX('Rate Sheet'!$B$20:$B$33,MATCH(F12,'Rate Sheet'!$B$20:$B$33,1),1),0,1))),"")) -> 15.999 oz | J12: =IF(OR(I12="",D12=""),"",IFERROR(INDEX('Rate Sheet'!$C$20:$J$33,IF(F12<='Rate Sheet'!$B$20,1,MATCH(F12,'Rate Sheet'!$B$20:$B$33,1)+IF(F12=INDEX('Rate Sheet'!$B$20:$B$33,MATCH(F12,'Rate Sheet'!$B$20:$B$33,1),1),0,1)),MATCH("Zone "&D12,'Rate Sheet'!$C$19:$J$19,0)),"")) -> 11.35 | K12: =IF(OR(L12<>"OK",COUNT(H12,J12)<2),"",MIN(H12,J12)) -> 11.35 | L12: =IF(AND(ISNUMBER(B12),B12>0,OR(C12="oz",C12="lb"),ISNUMBER(D12),D12=INT(D12),D12>=1,D12<=8,ISNUMBER(F12),F12<=10),"OK","OUTSIDE SUPPORTED CONDITIONS") -> OK | M12: =IF(OR(L12<>"OK",COUNT(H12,J12)<2),"",IF(H12<J12,"Priority Mail","USPS Ground Advantage")) -> USPS Ground Advantage
A13: Q08 | B13: 1 | C13: lb | D13: 6 | E13: project_authored_test_request | F13: =IF(OR(B13="",C13=""),"",IF(C13="oz",B13/16,IF(C13="lb",B13,""))) -> 1 | G13: =IF(OR(L13<>"OK",F13=""),"",ROUNDUP(F13,0)) -> 1 | H13: =IF(OR(G13="",D13=""),"",IFERROR(INDEX('Rate Sheet'!$B$6:$I$15,MATCH(G13,'Rate Sheet'!$A$6:$A$15,0),MATCH("Zone "&D13,'Rate Sheet'!$B$5:$I$5,0)),"")) -> 14.5 | I13: =IF(OR(L13<>"OK",F13=""),"",IFERROR(INDEX('Rate Sheet'!$A$20:$A$33,IF(F13<='Rate Sheet'!$B$20,1,MATCH(F13,'Rate Sheet'!$B$20:$B$33,1)+IF(F13=INDEX('Rate Sheet'!$B$20:$B$33,MATCH(F13,'Rate Sheet'!$B$20:$B$33,1),1),0,1))),"")) -> 1 lb | J13: =IF(OR(I13="",D13=""),"",IFERROR(INDEX('Rate Sheet'!$C$20:$J$33,IF(F13<='Rate Sheet'!$B$20,1,MATCH(F13,'Rate Sheet'!$B$20:$B$33,1)+IF(F13=INDEX('Rate Sheet'!$B$20:$B$33,MATCH(F13,'Rate Sheet'!$B$20:$B$33,1),1),0,1)),MATCH("Zone "&D13,'Rate Sheet'!$C$19:$J$19,0)),"")) -> 11.35 | K13: =IF(OR(L13<>"OK",COUNT(H13,J13)<2),"",MIN(H13,J13)) -> 11.35 | L13: =IF(AND(ISNUMBER(B13),B13>0,OR(C13="oz",C13="lb"),ISNUMBER(D13),D13=INT(D13),D13>=1,D13<=8,ISNUMBER(F13),F13<=10),"OK","OUTSIDE SUPPORTED CONDITIONS") -> OK | M13: =IF(OR(L13<>"OK",COUNT(H13,J13)<2),"",IF(H13<J13,"Priority Mail","USPS Ground Advantage")) -> USPS Ground Advantage
A14: Q09 | B14: 1.01 | C14: lb | D14: 7 | E14: project_authored_test_request | F14: =IF(OR(B14="",C14=""),"",IF(C14="oz",B14/16,IF(C14="lb",B14,""))) -> 1.01 | G14: =IF(OR(L14<>"OK",F14=""),"",ROUNDUP(F14,0)) -> 2 | H14: =IF(OR(G14="",D14=""),"",IFERROR(INDEX('Rate Sheet'!$B$6:$I$15,MATCH(G14,'Rate Sheet'!$A$6:$A$15,0),MATCH("Zone "&D14,'Rate Sheet'!$B$5:$I$5,0)),"")) -> 19.45 | I14: =IF(OR(L14<>"OK",F14=""),"",IFERROR(INDEX('Rate Sheet'!$A$20:$A$33,IF(F14<='Rate Sheet'!$B$20,1,MATCH(F14,'Rate Sheet'!$B$20:$B$33,1)+IF(F14=INDEX('Rate Sheet'!$B$20:$B$33,MATCH(F14,'Rate Sheet'!$B$20:$B$33,1),1),0,1))),"")) -> 2 lb | J14: =IF(OR(I14="",D14=""),"",IFERROR(INDEX('Rate Sheet'!$C$20:$J$33,IF(F14<='Rate Sheet'!$B$20,1,MATCH(F14,'Rate Sheet'!$B$20:$B$33,1)+IF(F14=INDEX('Rate Sheet'!$B$20:$B$33,MATCH(F14,'Rate Sheet'!$B$20:$B$33,1),1),0,1)),MATCH("Zone "&D14,'Rate Sheet'!$C$19:$J$19,0)),"")) -> 16.45 | K14: =IF(OR(L14<>"OK",COUNT(H14,J14)<2),"",MIN(H14,J14)) -> 16.45 | L14: =IF(AND(ISNUMBER(B14),B14>0,OR(C14="oz",C14="lb"),ISNUMBER(D14),D14=INT(D14),D14>=1,D14<=8,ISNUMBER(F14),F14<=10),"OK","OUTSIDE SUPPORTED CONDITIONS") -> OK | M14: =IF(OR(L14<>"OK",COUNT(H14,J14)<2),"",IF(H14<J14,"Priority Mail","USPS Ground Advantage")) -> USPS Ground Advantage
A15: Q10 | B15: 2 | C15: lb | D15: 3 | E15: project_authored_test_request | F15: =IF(OR(B15="",C15=""),"",IF(C15="oz",B15/16,IF(C15="lb",B15,""))) -> 2 | G15: =IF(OR(L15<>"OK",F15=""),"",ROUNDUP(F15,0)) -> 2 | H15: =IF(OR(G15="",D15=""),"",IFERROR(INDEX('Rate Sheet'!$B$6:$I$15,MATCH(G15,'Rate Sheet'!$A$6:$A$15,0),MATCH("Zone "&D15,'Rate Sheet'!$B$5:$I$5,0)),"")) -> 13.45 | I15: =IF(OR(L15<>"OK",F15=""),"",IFERROR(INDEX('Rate Sheet'!$A$20:$A$33,IF(F15<='Rate Sheet'!$B$20,1,MATCH(F15,'Rate Sheet'!$B$20:$B$33,1)+IF(F15=INDEX('Rate Sheet'!$B$20:$B$33,MATCH(F15,'Rate Sheet'!$B$20:$B$33,1),1),0,1))),"")) -> 2 lb | J15: =IF(OR(I15="",D15=""),"",IFERROR(INDEX('Rate Sheet'!$C$20:$J$33,IF(F15<='Rate Sheet'!$B$20,1,MATCH(F15,'Rate Sheet'!$B$20:$B$33,1)+IF(F15=INDEX('Rate Sheet'!$B$20:$B$33,MATCH(F15,'Rate Sheet'!$B$20:$B$33,1),1),0,1)),MATCH("Zone "&D15,'Rate Sheet'!$C$19:$J$19,0)),"")) -> 12.2 | K15: =IF(OR(L15<>"OK",COUNT(H15,J15)<2),"",MIN(H15,J15)) -> 12.2 | L15: =IF(AND(ISNUMBER(B15),B15>0,OR(C15="oz",C15="lb"),ISNUMBER(D15),D15=INT(D15),D15>=1,D15<=8,ISNUMBER(F15),F15<=10),"OK","OUTSIDE SUPPORTED CONDITIONS") -> OK | M15: =IF(OR(L15<>"OK",COUNT(H15,J15)<2),"",IF(H15<J15,"Priority Mail","USPS Ground Advantage")) -> USPS Ground Advantage
A16: Q11 | B16: 5.5 | C16: lb | D16: 2 | E16: project_authored_test_request | F16: =IF(OR(B16="",C16=""),"",IF(C16="oz",B16/16,IF(C16="lb",B16,""))) -> 5.5 | G16: =IF(OR(L16<>"OK",F16=""),"",ROUNDUP(F16,0)) -> 6 | H16: =IF(OR(G16="",D16=""),"",IFERROR(INDEX('Rate Sheet'!$B$6:$I$15,MATCH(G16,'Rate Sheet'!$A$6:$A$15,0),MATCH("Zone "&D16,'Rate Sheet'!$B$5:$I$5,0)),"")) -> 15.35 | I16: =IF(OR(L16<>"OK",F16=""),"",IFERROR(INDEX('Rate Sheet'!$A$20:$A$33,IF(F16<='Rate Sheet'!$B$20,1,MATCH(F16,'Rate Sheet'!$B$20:$B$33,1)+IF(F16=INDEX('Rate Sheet'!$B$20:$B$33,MATCH(F16,'Rate Sheet'!$B$20:$B$33,1),1),0,1))),"")) -> 6 lb | J16: =IF(OR(I16="",D16=""),"",IFERROR(INDEX('Rate Sheet'!$C$20:$J$33,IF(F16<='Rate Sheet'!$B$20,1,MATCH(F16,'Rate Sheet'!$B$20:$B$33,1)+IF(F16=INDEX('Rate Sheet'!$B$20:$B$33,MATCH(F16,'Rate Sheet'!$B$20:$B$33,1),1),0,1)),MATCH("Zone "&D16,'Rate Sheet'!$C$19:$J$19,0)),"")) -> 13.9 | K16: =IF(OR(L16<>"OK",COUNT(H16,J16)<2),"",MIN(H16,J16)) -> 13.9 | L16: =IF(AND(ISNUMBER(B16),B16>0,OR(C16="oz",C16="lb"),ISNUMBER(D16),D16=INT(D16),D16>=1,D16<=8,ISNUMBER(F16),F16<=10),"OK","OUTSIDE SUPPORTED CONDITIONS") -> OK | M16: =IF(OR(L16<>"OK",COUNT(H16,J16)<2),"",IF(H16<J16,"Priority Mail","USPS Ground Advantage")) -> USPS Ground Advantage
A17: Q12 | B17: 10 | C17: lb | D17: 8 | E17: project_authored_test_request | F17: =IF(OR(B17="",C17=""),"",IF(C17="oz",B17/16,IF(C17="lb",B17,""))) -> 10 | G17: =IF(OR(L17<>"OK",F17=""),"",ROUNDUP(F17,0)) -> 10 | H17: =IF(OR(G17="",D17=""),"",IFERROR(INDEX('Rate Sheet'!$B$6:$I$15,MATCH(G17,'Rate Sheet'!$A$6:$A$15,0),MATCH("Zone "&D17,'Rate Sheet'!$B$5:$I$5,0)),"")) -> 61.3 | I17: =IF(OR(L17<>"OK",F17=""),"",IFERROR(INDEX('Rate Sheet'!$A$20:$A$33,IF(F17<='Rate Sheet'!$B$20,1,MATCH(F17,'Rate Sheet'!$B$20:$B$33,1)+IF(F17=INDEX('Rate Sheet'!$B$20:$B$33,MATCH(F17,'Rate Sheet'!$B$20:$B$33,1),1),0,1))),"")) -> 10 lb | J17: =IF(OR(I17="",D17=""),"",IFERROR(INDEX('Rate Sheet'!$C$20:$J$33,IF(F17<='Rate Sheet'!$B$20,1,MATCH(F17,'Rate Sheet'!$B$20:$B$33,1)+IF(F17=INDEX('Rate Sheet'!$B$20:$B$33,MATCH(F17,'Rate Sheet'!$B$20:$B$33,1),1),0,1)),MATCH("Zone "&D17,'Rate Sheet'!$C$19:$J$19,0)),"")) -> 39.45 | K17: =IF(OR(L17<>"OK",COUNT(H17,J17)<2),"",MIN(H17,J17)) -> 39.45 | L17: =IF(AND(ISNUMBER(B17),B17>0,OR(C17="oz",C17="lb"),ISNUMBER(D17),D17=INT(D17),D17>=1,D17<=8,ISNUMBER(F17),F17<=10),"OK","OUTSIDE SUPPORTED CONDITIONS") -> OK | M17: =IF(OR(L17<>"OK",COUNT(H17,J17)<2),"",IF(H17<J17,"Priority Mail","USPS Ground Advantage")) -> USPS Ground Advantage

Sheet Source Extract
A1: Source Extract and transcription notes
A3: File | B3: USPS_Notice123_20260712_pages1_5_7.pdf
A4: Effective date | B4: July 12, 2026
A5: Rate pages used | B5: Page 5: Priority Mail Retail; Page 7: USPS Ground Advantage-Retail
A7: Priority source heading | B7: Priority Mail — Retail—Letters, Large Envelopes & Parcels; Weight Not Over (lbs.); Zone 1,2,3,4,5,6,7,8,9
A8: Ground source heading | B8: USPS Ground Advantage-Retail; Retail-Parcels; Weight Not Over; Zone 1,2,3,4,5,6,7,8,9
A10: Priority transcription | B10: Rate Sheet rows 6–15 reproduce the first ten pound bands from page 5. All amounts are dollars and cents.
A11: Ground transcription | B11: Rate Sheet rows 20–33 reproduce the 4 oz through 15.999 oz thresholds and 1–10 lb bands from page 7. The source labels weight units as pounds unless otherwise indicated.
A13: Excluded source conditions | B13: No flat-rate packaging, special origin/destination treatment, Alaska/Limited Overland Route pricing, nonstandard characteristics, hazardous/perishable/live contents, or extra services are modeled, consistent with review_brief.md.
A14: Review tip | B14: Compare the visible Rate Sheet values directly to pages 5 and 7 of the supplied PDF. The Requests formulas reference these tables, so edits are transparent and rates are not hidden in formulas.
